X,temp
16/09/2019 9:05,30.4
16/09/2019 9:07,30.46
16/09/2019 9:10,30.47
16/09/2019 9:15,30.66
16/09/2019 9:20,30.4
16/09/2019 9:25,30.36
16/09/2019 9:30,30.53
16/09/2019 9:35,31.23
16/09/2019 9:40,31.07
16/09/2019 9:45,31
16/09/2019 9:50,31.43
16/09/2019 9:55,31.9
16/09/2019 10:00,32.3
16/09/2019 10:05,32.4
16/09/2019 10:10,32.23
16/09/2019 10:15,32.3
16/09/2019 10:20,32.7
16/09/2019 10:25,32.83
16/09/2019 10:30,32.96
16/09/2019 10:35,33.03
16/09/2019 10:40,33.17
16/09/2019 10:45,33.03
16/09/2019 10:50,33.03
16/09/2019 10:55,33.13
16/09/2019 11:00,33
16/09/2019 11:05,33.06
16/09/2019 11:10,33.17
16/09/2019 11:15,33.3
16/09/2019 11:20,32.97
16/09/2019 11:25,32.9
16/09/2019 11:30,33.1
16/09/2019 11:35,33.23
16/09/2019 11:40,33.2
16/09/2019 11:45,33.47
16/09/2019 11:50,33.7
16/09/2019 11:55,33.9
16/09/2019 12:00,33.53
16/09/2019 12:05,33.2
16/09/2019 12:10,32.9
16/09/2019 12:15,32.83
16/09/2019 12:20,32.9
16/09/2019 12:25,32.8
16/09/2019 12:30,32.86
16/09/2019 12:35,32.86
16/09/2019 12:40,32.8
16/09/2019 12:45,32.76
16/09/2019 12:50,32.83
16/09/2019 12:55,32.8
16/09/2019 13:00,32.83
16/09/2019 13:05,32.96
16/09/2019 13:10,32.83
16/09/2019 13:15,33.13
16/09/2019 13:20,33.17
16/09/2019 13:25,33.27
16/09/2019 13:30,33.4
16/09/2019 13:35,33.37
16/09/2019 13:40,33.26
16/09/2019 13:45,33.27
16/09/2019 13:50,32.8
16/09/2019 13:55,32.97
16/09/2019 14:00,32.76
16/09/2019 14:05,31.97
16/09/2019 14:10,28.9
16/09/2019 14:15,28.67
16/09/2019 14:20,28.2
16/09/2019 14:25,27.66
16/09/2019 14:30,27.67
16/09/2019 14:35,27.83
16/09/2019 14:40,28.03
16/09/2019 14:45,27.7
16/09/2019 14:50,27.67
16/09/2019 14:55,27.76
16/09/2019 15:00,27.47
16/09/2019 15:05,27.33
16/09/2019 15:10,27.77
16/09/2019 15:15,27.16
16/09/2019 15:20,27
16/09/2019 15:25,26.76
16/09/2019 15:30,26.67
16/09/2019 15:35,26.6
16/09/2019 15:40,26.47
16/09/2019 15:45,26.2
16/09/2019 15:50,26.16
16/09/2019 15:55,26.13
16/09/2019 16:00,26.3
16/09/2019 16:05,26.27
16/09/2019 16:10,26.03
16/09/2019 16:15,26.13
16/09/2019 16:20,25.93
16/09/2019 16:25,26.2
16/09/2019 16:30,25.96
16/09/2019 16:35,25.87
16/09/2019 16:40,25.73
16/09/2019 16:45,25.73
16/09/2019 16:50,25.7
16/09/2019 16:55,25.93
16/09/2019 17:00,25.96
16/09/2019 17:05,25.83
16/09/2019 17:10,25.63
16/09/2019 17:15,25.43
16/09/2019 17:20,25.6
16/09/2019 17:25,25.47
16/09/2019 17:35,25.8
16/09/2019 17:40,25.33
16/09/2019 17:45,25.36
16/09/2019 17:50,25.3
16/09/2019 17:55,25.27
16/09/2019 18:00,25.26
16/09/2019 18:05,25.26
16/09/2019 18:10,25.3
16/09/2019 18:15,25.3
16/09/2019 18:20,25.36
16/09/2019 18:25,25.26
16/09/2019 18:30,25.27
16/09/2019 18:35,25.3
16/09/2019 18:40,25.33
16/09/2019 18:45,25.5
16/09/2019 18:50,25.43
16/09/2019 18:55,25.4
16/09/2019 19:00,25.33
16/09/2019 19:05,25.4
16/09/2019 19:10,25.3
16/09/2019 19:15,25.07
16/09/2019 19:20,25.03
16/09/2019 19:25,25.06
16/09/2019 19:30,25
16/09/2019 19:35,25.1
16/09/2019 19:40,25.1
16/09/2019 19:45,25.1
16/09/2019 19:50,25
16/09/2019 19:55,25.07
16/09/2019 20:00,25.1
16/09/2019 20:05,25.1
16/09/2019 20:10,25.17
16/09/2019 20:15,25.2
16/09/2019 20:20,25.16
16/09/2019 20:25,25.13
16/09/2019 20:30,24.8
16/09/2019 20:35,24.3
16/09/2019 20:40,24.03
16/09/2019 20:45,23.93
16/09/2019 20:50,23.9
16/09/2019 20:55,23.93
16/09/2019 21:00,24
16/09/2019 21:05,24.06
16/09/2019 21:10,23.96
16/09/2019 21:15,23.76
16/09/2019 21:20,23.66
16/09/2019 21:25,23.57
16/09/2019 21:30,23.43
16/09/2019 21:35,23.37
16/09/2019 21:40,23.36
16/09/2019 21:45,23.33
16/09/2019 21:50,23.33
16/09/2019 21:55,23.2
16/09/2019 22:00,23.23
16/09/2019 22:05,23.03
16/09/2019 22:10,23
16/09/2019 22:15,23.03
16/09/2019 22:20,23.17
16/09/2019 22:25,22.93
16/09/2019 22:30,22.83
16/09/2019 22:35,22.73
16/09/2019 22:40,22.63
16/09/2019 22:45,22.63
16/09/2019 22:50,22.76
16/09/2019 22:55,22.7
16/09/2019 23:00,22.66
16/09/2019 23:05,22.43
16/09/2019 23:10,22.46
16/09/2019 23:15,22.36
16/09/2019 23:20,22.5
16/09/2019 23:25,22.3
16/09/2019 23:30,22.2
16/09/2019 23:35,22.16
16/09/2019 23:40,22.2
16/09/2019 23:45,22.16
16/09/2019 23:50,22.2
16/09/2019 23:55,22.06
17/09/2019 0:00,22.13
17/09/2019 0:05,22.13
17/09/2019 0:10,22.16
17/09/2019 0:15,22.13
17/09/2019 0:20,22.26
17/09/2019 0:25,22.16
17/09/2019 0:30,21.93
17/09/2019 0:35,22
17/09/2019 0:40,21.86
17/09/2019 0:45,21.73
17/09/2019 0:50,21.66
17/09/2019 0:55,21.6
17/09/2019 1:00,21.76
17/09/2019 1:05,21.73
17/09/2019 1:10,21.5
17/09/2019 1:15,21.56
17/09/2019 1:20,21.63
17/09/2019 1:25,21.7
17/09/2019 1:30,21.73
17/09/2019 1:35,21.9
17/09/2019 1:40,21.97
17/09/2019 1:45,21.97
17/09/2019 1:50,22
17/09/2019 1:55,22.1
17/09/2019 2:00,22.16
17/09/2019 2:05,22.13
17/09/2019 2:10,22
17/09/2019 2:15,21.86
17/09/2019 2:20,21.73
17/09/2019 2:25,21.9
17/09/2019 2:30,21.93
17/09/2019 2:35,21.7
17/09/2019 2:40,21.43
17/09/2019 2:45,21.33
17/09/2019 2:50,21.13
17/09/2019 2:55,21.17
17/09/2019 3:00,21.1
17/09/2019 3:05,21.03
17/09/2019 3:10,21.1
17/09/2019 3:15,20.96
17/09/2019 3:20,21.06
17/09/2019 3:25,21.06
17/09/2019 3:30,20.96
17/09/2019 3:35,21.06
17/09/2019 3:40,21.07
17/09/2019 3:45,21.03
17/09/2019 3:50,20.97
17/09/2019 3:55,20.9
17/09/2019 4:00,20.86
17/09/2019 4:05,20.9
17/09/2019 4:10,20.83
17/09/2019 4:15,20.87
17/09/2019 4:20,20.8
17/09/2019 4:25,20.77
17/09/2019 4:30,20.6
17/09/2019 4:35,20.7
17/09/2019 4:40,20.66
17/09/2019 4:45,20.63
17/09/2019 4:50,20.57
17/09/2019 4:55,20.53
17/09/2019 5:00,20.53
17/09/2019 5:05,20.6
17/09/2019 5:10,20.43
17/09/2019 5:15,20.53
17/09/2019 5:20,20.77
17/09/2019 5:25,20.73
17/09/2019 5:30,20.8
17/09/2019 5:35,20.66
17/09/2019 5:40,20.8
17/09/2019 5:45,20.87
17/09/2019 5:50,20.9
17/09/2019 5:55,20.9
17/09/2019 6:00,20.96
17/09/2019 6:05,21.06
17/09/2019 6:10,20.83
17/09/2019 6:15,20.8
17/09/2019 6:20,20.83
17/09/2019 6:25,21
17/09/2019 6:30,20.9
17/09/2019 6:35,20.8
17/09/2019 6:40,20.63
17/09/2019 6:45,20.53
17/09/2019 6:50,20.67
17/09/2019 6:55,20.5
17/09/2019 7:00,20.63
17/09/2019 7:05,20.63
17/09/2019 7:10,20.76
17/09/2019 7:15,20.8
17/09/2019 7:20,20.76
17/09/2019 7:25,20.53
17/09/2019 7:30,20.63
17/09/2019 7:35,20.5
17/09/2019 7:40,20.6
17/09/2019 7:45,20.96
17/09/2019 7:50,20.93
17/09/2019 7:55,20.87
17/09/2019 8:00,20.8
17/09/2019 8:05,20.87
17/09/2019 8:10,20.9
17/09/2019 8:15,20.96
17/09/2019 8:20,20.96
17/09/2019 8:25,20.93
17/09/2019 8:30,21.03
17/09/2019 8:35,21.03
17/09/2019 8:40,21.03
17/09/2019 8:45,21.16
17/09/2019 8:50,21.36
17/09/2019 8:55,21.4
17/09/2019 9:00,21.46
17/09/2019 9:05,21.4
17/09/2019 9:10,21.7
17/09/2019 9:15,21.77
17/09/2019 9:20,21.6
17/09/2019 9:25,21.83
17/09/2019 9:30,21.53
17/09/2019 9:35,21.46
17/09/2019 9:40,21.7
17/09/2019 9:45,21.73
17/09/2019 9:50,21.66
17/09/2019 9:55,21.86
17/09/2019 10:00,21.66
17/09/2019 10:05,21.8
17/09/2019 10:10,21.83
17/09/2019 10:15,21.8
17/09/2019 10:20,21.53
17/09/2019 10:25,21.76
17/09/2019 10:30,21.8
17/09/2019 10:35,21.77
17/09/2019 10:40,21.6
17/09/2019 10:45,21.63
17/09/2019 10:50,21.73
17/09/2019 10:55,22.03
17/09/2019 11:00,21.9
17/09/2019 11:05,22
17/09/2019 11:10,22.23
17/09/2019 11:15,22.33
17/09/2019 11:20,22.63
17/09/2019 11:25,22.6
17/09/2019 11:30,22.73
17/09/2019 11:35,22.53
17/09/2019 11:40,22.53
17/09/2019 11:45,22.63
17/09/2019 11:50,22.76
17/09/2019 11:55,22.83
17/09/2019 12:00,22.8
17/09/2019 12:05,22.9
17/09/2019 12:10,22.8
17/09/2019 12:15,22.83
17/09/2019 12:20,22.87
17/09/2019 12:25,22.87
17/09/2019 12:30,22.9
17/09/2019 12:35,22.93
17/09/2019 12:40,22.93
17/09/2019 12:45,22.8
17/09/2019 12:50,22.9
17/09/2019 12:55,23
17/09/2019 13:00,23.03
17/09/2019 13:05,23.06
17/09/2019 13:10,23.16
17/09/2019 13:15,23.23
17/09/2019 13:20,23.1
17/09/2019 13:25,23.26
17/09/2019 13:30,23.2
17/09/2019 13:35,23.43
17/09/2019 13:40,23.4
17/09/2019 13:45,23.43
17/09/2019 13:50,23.33
17/09/2019 13:55,23.33
17/09/2019 14:00,23.36
17/09/2019 14:05,23.46
17/09/2019 14:10,23.46
17/09/2019 14:15,23.36
17/09/2019 14:20,23.4
17/09/2019 14:25,23.63
17/09/2019 15:45,23.4
17/09/2019 15:50,23.47
17/09/2019 15:55,23.4
17/09/2019 16:00,23.53
17/09/2019 16:05,23.47
17/09/2019 16:10,23.56
17/09/2019 16:15,23.56
17/09/2019 16:20,23.56
17/09/2019 16:25,23.53
17/09/2019 16:30,23.53
17/09/2019 16:35,23.47
17/09/2019 16:40,23.73
17/09/2019 16:45,23.5
17/09/2019 16:50,23.5
17/09/2019 16:55,23.6
17/09/2019 17:00,23.6
17/09/2019 17:05,23.4
17/09/2019 17:10,23.4
17/09/2019 17:15,23.43
17/09/2019 17:20,23.6
17/09/2019 17:25,23.57
17/09/2019 17:30,23.4
17/09/2019 17:35,23.47
17/09/2019 17:40,23.56
17/09/2019 17:45,23.6
17/09/2019 17:50,23.8
17/09/2019 17:55,23.76
17/09/2019 18:00,23.8
17/09/2019 18:05,23.7
17/09/2019 18:10,23.77
17/09/2019 18:15,23.77
17/09/2019 18:20,23.8
17/09/2019 18:25,23.73
17/09/2019 18:30,23.73
17/09/2019 18:35,23.73
17/09/2019 18:40,23.83
17/09/2019 18:45,23.86
17/09/2019 18:50,23.9
17/09/2019 18:55,23.86
17/09/2019 19:00,23.87
17/09/2019 19:05,23.83
17/09/2019 19:10,23.7
17/09/2019 19:15,23.53
17/09/2019 19:20,23.4
17/09/2019 19:25,23.36
17/09/2019 19:30,23.26
17/09/2019 19:35,23.23
17/09/2019 19:40,23.2
17/09/2019 19:45,23.23
17/09/2019 19:50,23.26
17/09/2019 19:55,23.27
17/09/2019 20:00,23.3
17/09/2019 20:05,23.33
17/09/2019 20:10,23.37
17/09/2019 20:15,23.37
17/09/2019 20:20,23.33
17/09/2019 20:25,23.33
17/09/2019 20:30,23.36
17/09/2019 20:35,23.43
17/09/2019 20:40,23.46
17/09/2019 20:45,23.43
17/09/2019 20:50,23.46
17/09/2019 20:55,23.46
17/09/2019 21:00,23.43
17/09/2019 21:05,23.56
17/09/2019 21:10,23.6
17/09/2019 21:15,23.5
17/09/2019 21:20,23.47
17/09/2019 21:25,23.47
17/09/2019 21:30,23.47
17/09/2019 21:35,23.33
17/09/2019 21:40,23.3
17/09/2019 21:45,23.23
17/09/2019 21:50,23.2
17/09/2019 21:55,23.16
17/09/2019 22:00,23.1
17/09/2019 22:05,23.13
17/09/2019 22:10,23.13
17/09/2019 22:15,23.1
17/09/2019 22:20,23.2
17/09/2019 22:25,23.3
17/09/2019 22:30,23.33
17/09/2019 22:35,23.27
17/09/2019 22:40,23.3
17/09/2019 22:45,23.43
17/09/2019 22:50,23.47
17/09/2019 22:55,23.4
17/09/2019 23:00,23.5
17/09/2019 23:05,23.36
17/09/2019 23:10,23.26
17/09/2019 23:15,23.26
17/09/2019 23:20,23.23
17/09/2019 23:25,23.2
17/09/2019 23:30,23.16
17/09/2019 23:35,23.13
17/09/2019 23:40,23.1
17/09/2019 23:45,23.1
17/09/2019 23:50,23.17
17/09/2019 23:55,23.13
18/09/2019 0:00,23.17
18/09/2019 0:05,23.23
18/09/2019 0:10,23.2
18/09/2019 0:15,23.16
18/09/2019 0:20,23.2
18/09/2019 0:25,23.3
18/09/2019 0:30,23.16
18/09/2019 0:35,23.2
18/09/2019 0:40,23.3
18/09/2019 0:45,23.26
18/09/2019 0:50,23.27
18/09/2019 0:55,23.27
18/09/2019 1:00,23.33
18/09/2019 1:05,23.4
18/09/2019 1:10,23.43
18/09/2019 1:15,23.43
18/09/2019 1:20,23.36
18/09/2019 1:25,23.36
18/09/2019 1:30,23.4
18/09/2019 1:35,23.36
18/09/2019 1:40,23.36
18/09/2019 1:45,23.46
18/09/2019 1:50,23.47
18/09/2019 1:55,23.47
18/09/2019 2:00,23.47
18/09/2019 2:05,23.4
18/09/2019 2:10,23.4
18/09/2019 2:15,23.46
18/09/2019 2:20,23.36
18/09/2019 2:25,23.33
18/09/2019 2:30,23.36
18/09/2019 2:35,23.36
18/09/2019 2:40,23.43
18/09/2019 2:45,23.4
18/09/2019 2:50,23.4
18/09/2019 2:55,23.4
18/09/2019 3:00,23.4
18/09/2019 3:05,23.36
18/09/2019 3:10,23.26
18/09/2019 3:15,23.33
18/09/2019 3:20,23.36
18/09/2019 3:25,23.43
18/09/2019 3:30,23.5
18/09/2019 3:35,23.53
18/09/2019 3:40,23.57
18/09/2019 3:45,23.5
18/09/2019 3:50,23.53
18/09/2019 3:55,23.6
18/09/2019 4:00,23.6
18/09/2019 4:05,23.63
18/09/2019 4:10,23.63
18/09/2019 4:15,23.7
18/09/2019 4:20,23.67
18/09/2019 4:25,23.67
18/09/2019 4:30,23.7
18/09/2019 4:35,23.77
18/09/2019 4:40,23.8
18/09/2019 4:45,23.8
18/09/2019 4:50,23.6
18/09/2019 4:55,23.5
18/09/2019 5:00,23.56
18/09/2019 5:05,23.67
18/09/2019 5:10,23.67
18/09/2019 5:15,23.67
18/09/2019 5:20,23.6
18/09/2019 5:25,23.56
18/09/2019 5:30,23.56
18/09/2019 5:35,23.53
18/09/2019 5:40,23.5
18/09/2019 5:45,23.46
18/09/2019 5:50,23.47
18/09/2019 5:55,23.53
18/09/2019 6:00,23.57
18/09/2019 6:05,23.67
18/09/2019 6:10,23.66
18/09/2019 6:15,23.66
18/09/2019 6:20,23.57
18/09/2019 6:25,23.46
18/09/2019 6:30,23.46
18/09/2019 6:35,23.47
18/09/2019 6:40,23.47
18/09/2019 6:45,23.43
18/09/2019 6:50,23.43
18/09/2019 6:55,23.43
18/09/2019 7:00,23.5
18/09/2019 7:05,23.53
18/09/2019 7:10,23.53
18/09/2019 7:15,23.53
18/09/2019 7:20,23.5
18/09/2019 7:25,23.67
18/09/2019 7:30,23.57
18/09/2019 7:35,23.57
18/09/2019 7:40,23.56
18/09/2019 7:45,23.56
18/09/2019 7:50,23.6
18/09/2019 7:55,23.73
18/09/2019 8:00,23.93
18/09/2019 8:05,23.8
18/09/2019 8:10,23.83
18/09/2019 8:15,23.9
18/09/2019 8:20,24
18/09/2019 8:25,24.23
18/09/2019 8:30,24.06
18/09/2019 8:35,23.83
18/09/2019 8:40,23.9
18/09/2019 8:45,23.87
18/09/2019 8:50,23.93
18/09/2019 8:55,24.06
18/09/2019 9:00,23.96
18/09/2019 9:05,23.9
18/09/2019 9:10,23.97
18/09/2019 9:15,24.1
18/09/2019 9:20,24
18/09/2019 9:25,24.1
18/09/2019 9:30,24
18/09/2019 9:35,24.03
18/09/2019 9:40,24.1
18/09/2019 9:45,24.03
18/09/2019 9:50,24
18/09/2019 9:55,24.16
18/09/2019 10:00,24.1
18/09/2019 10:05,24.13
18/09/2019 10:10,24.27
18/09/2019 10:15,24.47
18/09/2019 10:20,24.13
18/09/2019 10:25,24.23
18/09/2019 10:30,24.16
18/09/2019 10:35,24.27
18/09/2019 10:40,24.33
18/09/2019 10:45,24.26
18/09/2019 10:50,24.4
18/09/2019 10:55,24.26
18/09/2019 11:00,24.46
18/09/2019 11:05,24.3
18/09/2019 11:10,24.3
18/09/2019 11:15,24.36
18/09/2019 11:20,24.26
18/09/2019 11:25,24.37
18/09/2019 11:30,24.33
18/09/2019 11:35,24.26
18/09/2019 11:40,24.2
18/09/2019 11:45,24.13
18/09/2019 11:50,24.23
18/09/2019 11:55,24.3
18/09/2019 12:00,24.2
18/09/2019 12:05,24.46
18/09/2019 12:10,24.26
18/09/2019 12:15,24.4
18/09/2019 12:20,24.27
18/09/2019 12:25,24.36
18/09/2019 12:30,24.43
18/09/2019 12:35,24.33
18/09/2019 12:40,24.57
18/09/2019 12:45,24.53
18/09/2019 12:50,24.7
18/09/2019 12:55,24.73
18/09/2019 13:00,24.73
18/09/2019 13:05,24.9
18/09/2019 13:10,24.77
18/09/2019 13:15,24.76
18/09/2019 13:20,24.86
18/09/2019 13:25,24.93
18/09/2019 13:30,25.07
18/09/2019 13:35,25.1
18/09/2019 13:40,25.53
18/09/2019 13:45,25.53
18/09/2019 13:50,25.53
18/09/2019 13:55,25.9
18/09/2019 14:00,25.83
18/09/2019 14:05,25.66
18/09/2019 14:10,25.63
18/09/2019 14:15,25.67
18/09/2019 14:20,25.53
18/09/2019 14:25,25.5
18/09/2019 14:30,25.43
18/09/2019 14:35,25.4
18/09/2019 14:40,25.6
18/09/2019 14:45,25.3
18/09/2019 14:50,25.46
18/09/2019 14:55,25.43
18/09/2019 15:00,25.4
18/09/2019 15:05,25.46
18/09/2019 15:10,25.47
18/09/2019 15:15,25.47
18/09/2019 15:20,25.6
18/09/2019 15:25,25.7
18/09/2019 15:30,25.77
18/09/2019 15:35,25.86
18/09/2019 15:40,25.9
18/09/2019 15:45,26
18/09/2019 15:50,25.9
18/09/2019 15:55,25.93
18/09/2019 16:00,26.03
18/09/2019 16:05,26.16
18/09/2019 16:10,26.2
18/09/2019 16:15,26.27
18/09/2019 16:20,26.4
18/09/2019 16:25,26.37
18/09/2019 16:30,26.33
18/09/2019 16:35,26.26
18/09/2019 16:40,26.2
18/09/2019 16:45,26.23
18/09/2019 16:50,26.27
18/09/2019 16:55,26.16
18/09/2019 17:00,26.16
18/09/2019 17:05,26.17
18/09/2019 17:10,26
18/09/2019 17:15,25.93
18/09/2019 17:20,25.83
18/09/2019 17:25,25.8
18/09/2019 17:30,25.8
18/09/2019 17:35,25.8
18/09/2019 17:40,25.86
18/09/2019 17:45,25.87
18/09/2019 17:50,25.9
18/09/2019 17:55,25.83
18/09/2019 18:00,25.8
18/09/2019 18:05,25.77
18/09/2019 18:10,25.76
18/09/2019 18:15,25.8
18/09/2019 18:20,25.73
18/09/2019 18:25,25.66
18/09/2019 18:30,25.66
18/09/2019 18:35,25.7
18/09/2019 18:40,25.7
18/09/2019 18:45,25.66
18/09/2019 18:50,25.67
18/09/2019 18:55,25.63
18/09/2019 19:00,25.6
18/09/2019 19:05,25.56
18/09/2019 19:10,25.53
18/09/2019 19:15,25.53
18/09/2019 19:20,25.53
18/09/2019 19:25,25.53
18/09/2019 19:30,25.57
18/09/2019 19:35,25.56
18/09/2019 19:40,25.53
18/09/2019 19:45,25.47
18/09/2019 19:50,25.36
18/09/2019 19:55,25.43
18/09/2019 20:00,25.37
18/09/2019 20:05,25.37
18/09/2019 20:10,25.4
18/09/2019 20:15,25.36
18/09/2019 20:20,25.33
18/09/2019 20:25,25.13
18/09/2019 20:30,24.96
18/09/2019 20:35,24.93
18/09/2019 20:40,24.87
18/09/2019 20:45,24.9
18/09/2019 20:50,24.83
18/09/2019 20:55,24.83
18/09/2019 21:00,24.8
18/09/2019 21:05,24.8
18/09/2019 21:10,24.83
18/09/2019 21:15,24.77
18/09/2019 21:20,24.67
18/09/2019 21:25,24.6
18/09/2019 21:30,24.56
18/09/2019 21:35,24.46
18/09/2019 21:40,24.43
18/09/2019 21:45,24.47
18/09/2019 21:50,24.46
18/09/2019 21:55,24.43
18/09/2019 22:00,24.37
18/09/2019 22:05,24.4
18/09/2019 22:10,24.46
18/09/2019 22:15,24.46
18/09/2019 22:20,24.43
18/09/2019 22:25,24.4
18/09/2019 22:30,24.43
18/09/2019 22:35,24.5
18/09/2019 22:40,24.46
18/09/2019 22:45,24.53
18/09/2019 22:50,24.43
18/09/2019 22:55,24.47
18/09/2019 23:00,24.46
18/09/2019 23:05,24.43
18/09/2019 23:10,24.46
18/09/2019 23:15,24.36
18/09/2019 23:20,24.27
18/09/2019 23:25,24.3
18/09/2019 23:30,24.33
18/09/2019 23:35,24.33
18/09/2019 23:40,24.3
18/09/2019 23:45,24.43
18/09/2019 23:50,24.43
18/09/2019 23:55,24.46
19/09/2019 0:00,24.46
19/09/2019 0:05,24.4
19/09/2019 0:10,24.37
19/09/2019 0:15,24.43
19/09/2019 0:20,24.36
19/09/2019 0:25,24.36
19/09/2019 0:30,24.36
19/09/2019 0:35,24.37
19/09/2019 0:40,24.4
19/09/2019 0:45,24.4
19/09/2019 0:50,24.43
19/09/2019 0:55,24.5
19/09/2019 1:00,24.43
19/09/2019 1:05,24.4
19/09/2019 1:10,24.36
19/09/2019 1:15,24.46
19/09/2019 1:20,24.43
19/09/2019 1:25,24.47
19/09/2019 1:30,24.47
19/09/2019 1:35,24.43
19/09/2019 1:40,24.43
19/09/2019 1:45,24.4
19/09/2019 1:50,24.47
19/09/2019 1:55,24.47
19/09/2019 2:00,24.5
19/09/2019 2:05,24.5
19/09/2019 2:10,24.46
19/09/2019 2:15,24.46
19/09/2019 2:20,24.43
19/09/2019 2:25,24.53
19/09/2019 2:30,24.76
19/09/2019 2:35,24.76
19/09/2019 2:40,24.76
19/09/2019 2:45,24.63
19/09/2019 2:50,24.7
19/09/2019 2:55,24.56
19/09/2019 3:00,24.53
19/09/2019 3:05,24.57
19/09/2019 3:10,24.67
19/09/2019 3:15,24.67
19/09/2019 3:20,24.66
19/09/2019 3:25,24.63
19/09/2019 3:30,24.67
19/09/2019 3:35,24.7
19/09/2019 3:40,24.63
19/09/2019 3:45,24.66
19/09/2019 3:50,24.7
19/09/2019 3:55,24.7
19/09/2019 4:00,24.93
19/09/2019 4:05,24.93
19/09/2019 4:10,24.9
19/09/2019 4:15,24.83
19/09/2019 4:20,24.87
19/09/2019 4:25,24.87
19/09/2019 4:30,24.93
19/09/2019 4:35,24.7
19/09/2019 4:40,24.66
19/09/2019 4:45,24.67
19/09/2019 4:50,24.67
19/09/2019 4:55,24.63
19/09/2019 5:00,24.66
19/09/2019 5:05,24.67
19/09/2019 5:10,24.7
19/09/2019 5:15,24.76
19/09/2019 5:20,24.8
19/09/2019 5:25,24.83
19/09/2019 5:30,24.83
19/09/2019 5:35,24.8
19/09/2019 5:40,24.83
19/09/2019 5:45,24.9
19/09/2019 5:50,25.03
19/09/2019 5:55,24.97
19/09/2019 6:00,25.03
19/09/2019 6:05,25.1
19/09/2019 6:10,25.06
19/09/2019 6:15,24.86
19/09/2019 6:20,24.93
19/09/2019 6:25,24.9
19/09/2019 6:30,24.93
19/09/2019 6:35,24.96
19/09/2019 6:40,24.9
19/09/2019 6:45,24.87
19/09/2019 6:50,24.96
19/09/2019 6:55,24.9
19/09/2019 7:00,24.9
19/09/2019 7:05,25
19/09/2019 7:10,25.03
19/09/2019 7:15,25.1
19/09/2019 7:20,25.16
19/09/2019 7:25,25.17
19/09/2019 7:30,25.63
19/09/2019 7:35,25.16
19/09/2019 7:40,25.26
19/09/2019 7:45,25.2
19/09/2019 7:50,25.36
19/09/2019 7:55,25.16
19/09/2019 8:00,25.27
19/09/2019 8:05,25.13
19/09/2019 8:10,25.13
19/09/2019 8:15,25.23
19/09/2019 8:20,25
19/09/2019 8:25,25.1
19/09/2019 8:30,25.13
19/09/2019 8:35,25.2
19/09/2019 8:40,25.63
19/09/2019 8:45,25.4
19/09/2019 8:50,25.36
19/09/2019 8:55,25.33
19/09/2019 9:00,25.53
19/09/2019 9:05,25.66
19/09/2019 9:10,25.56
19/09/2019 9:15,25.63
19/09/2019 9:20,25.76
19/09/2019 9:25,25.83
19/09/2019 9:30,25.9
19/09/2019 9:35,26.03
19/09/2019 9:40,26.2
19/09/2019 9:45,26.53
19/09/2019 9:50,26.76
19/09/2019 9:55,27
19/09/2019 10:00,27.16
19/09/2019 10:05,27.37
19/09/2019 10:10,27
19/09/2019 10:15,27.57
19/09/2019 10:20,27.83
19/09/2019 10:25,28.26
19/09/2019 10:30,27.93
19/09/2019 10:35,27.9
19/09/2019 10:40,27.9
19/09/2019 10:45,28.47
19/09/2019 10:50,28.13
19/09/2019 10:55,28.17
19/09/2019 11:00,28.4
19/09/2019 11:05,28.1
19/09/2019 11:10,28.33
19/09/2019 11:15,28.13
19/09/2019 11:20,28.23
19/09/2019 11:25,28.03
19/09/2019 11:30,27.96
19/09/2019 11:35,27.73
19/09/2019 11:40,27.76
19/09/2019 11:45,27.33
19/09/2019 11:50,27.56
19/09/2019 11:55,27.57
19/09/2019 12:00,27.36
19/09/2019 12:05,27.53
19/09/2019 12:10,27.36
19/09/2019 12:15,27.3
19/09/2019 12:20,27.33
19/09/2019 12:25,27.2
19/09/2019 12:30,27.1
19/09/2019 12:35,27.23
19/09/2019 12:40,27.26
19/09/2019 12:45,27.87
19/09/2019 12:50,28.16
19/09/2019 12:55,28.57
19/09/2019 13:00,28.4
19/09/2019 13:05,28.03
19/09/2019 13:10,28.2
19/09/2019 13:15,28.36
19/09/2019 13:20,28.37
19/09/2019 13:25,28.26
19/09/2019 13:30,28.53
19/09/2019 13:35,28.13
19/09/2019 13:40,28.3
19/09/2019 13:45,28.86
19/09/2019 13:50,29.1
19/09/2019 13:55,28.83
19/09/2019 14:00,29.3
19/09/2019 14:05,29.56
19/09/2019 14:10,28.83
19/09/2019 14:15,28.63
19/09/2019 14:20,28.7
19/09/2019 14:25,28.27
19/09/2019 14:30,28.43
19/09/2019 14:35,28.37
19/09/2019 14:40,28.3
19/09/2019 14:45,27.87
19/09/2019 14:50,27.63
19/09/2019 14:55,27.7
19/09/2019 15:00,27.6
19/09/2019 15:05,27.4
19/09/2019 15:10,27.77
19/09/2019 15:15,27.8
19/09/2019 15:20,27.63
19/09/2019 15:25,27.7
19/09/2019 15:30,27.77
19/09/2019 15:35,27.7
19/09/2019 15:40,27.57
19/09/2019 15:45,27.63
19/09/2019 15:50,27.53
19/09/2019 15:55,27.46
19/09/2019 16:00,27.47
19/09/2019 16:05,27.43
19/09/2019 16:10,27.23
19/09/2019 16:15,27.3
19/09/2019 16:20,27.33
19/09/2019 16:25,27.23
19/09/2019 16:30,27.26
19/09/2019 16:35,27.23
19/09/2019 16:40,27.13
19/09/2019 16:45,27.17
19/09/2019 16:50,27.16
19/09/2019 16:55,27.06
19/09/2019 17:00,27
19/09/2019 17:05,27.03
19/09/2019 17:10,27.03
19/09/2019 17:15,26.9
19/09/2019 17:20,26.93
19/09/2019 17:25,26.93
19/09/2019 17:30,26.9
19/09/2019 17:35,26.93
19/09/2019 17:40,26.86
19/09/2019 17:45,26.9
19/09/2019 17:50,26.83
19/09/2019 17:55,26.73
19/09/2019 18:00,26.77
19/09/2019 18:05,26.73
19/09/2019 18:10,26.76
19/09/2019 18:15,26.73
19/09/2019 18:20,26.73
19/09/2019 18:25,26.76
19/09/2019 18:30,26.73
19/09/2019 18:35,26.7
19/09/2019 18:40,26.66
19/09/2019 18:45,26.7
19/09/2019 18:50,26.63
19/09/2019 18:55,26.63
19/09/2019 19:00,26.53
19/09/2019 19:05,26.6
19/09/2019 19:10,26.63
19/09/2019 19:15,26.6
19/09/2019 19:20,26.53
19/09/2019 19:25,26.56
19/09/2019 19:30,26.47
19/09/2019 19:35,26.5
19/09/2019 19:40,26.4
19/09/2019 19:45,26.4
19/09/2019 19:50,26.26
19/09/2019 19:55,26.26
19/09/2019 20:00,26.27
19/09/2019 20:05,26.27
19/09/2019 20:10,26.3
19/09/2019 20:15,26.27
19/09/2019 20:20,26.27
19/09/2019 20:25,26.36
19/09/2019 20:30,26.36
19/09/2019 20:35,26.37
19/09/2019 20:40,26.33
19/09/2019 20:45,26.46
19/09/2019 20:50,26.4
19/09/2019 20:55,26.4
19/09/2019 21:00,26.4
19/09/2019 21:05,26.36
19/09/2019 21:10,26.4
19/09/2019 21:15,26.43
19/09/2019 21:20,26.43
19/09/2019 21:25,26.57
19/09/2019 21:30,26.56
19/09/2019 21:35,26.53
19/09/2019 21:40,26.5
19/09/2019 21:45,26.47
19/09/2019 21:50,26.43
19/09/2019 21:55,26.5
19/09/2019 22:00,26.5
19/09/2019 22:05,26.6
19/09/2019 22:10,26.5
19/09/2019 22:15,26.43
19/09/2019 22:20,26.4
19/09/2019 22:25,26.4
19/09/2019 22:30,26.4
19/09/2019 22:35,26.4
19/09/2019 22:40,26.33
19/09/2019 22:45,26.33
19/09/2019 22:50,26.46
19/09/2019 22:55,26.3
19/09/2019 23:00,26.23
19/09/2019 23:05,26.23
19/09/2019 23:10,26.23
19/09/2019 23:15,26.2
19/09/2019 23:20,26.07
19/09/2019 23:25,26.06
19/09/2019 23:30,26.17
19/09/2019 23:35,26.1
19/09/2019 23:40,26.2
19/09/2019 23:45,26.23
19/09/2019 23:50,26.23
19/09/2019 23:55,26.2
20/09/2019 0:00,26.23
20/09/2019 0:05,26.17
20/09/2019 0:10,26.17
20/09/2019 0:15,26.13
20/09/2019 0:20,26.2
20/09/2019 0:25,26.2
20/09/2019 0:30,26.23
20/09/2019 0:35,26.13
20/09/2019 0:40,26.1
20/09/2019 0:45,26.23
20/09/2019 0:50,26.16
20/09/2019 0:55,26.23
20/09/2019 1:00,26.23
20/09/2019 1:05,26.23
20/09/2019 1:10,26.23
20/09/2019 1:15,26.07
20/09/2019 1:20,26.03
20/09/2019 1:25,26.03
20/09/2019 1:30,26.03
20/09/2019 1:35,26.03
20/09/2019 1:40,26.03
20/09/2019 1:45,25.96
20/09/2019 1:50,25.96
20/09/2019 1:55,25.93
20/09/2019 2:00,25.93
20/09/2019 2:05,25.93
20/09/2019 2:10,26.03
20/09/2019 2:15,26.13
20/09/2019 2:20,26
20/09/2019 2:25,26.3
20/09/2019 2:30,26.13
20/09/2019 2:35,26.2
20/09/2019 2:40,26.07
20/09/2019 2:45,26.07
20/09/2019 2:50,26.03
20/09/2019 2:55,25.96
20/09/2019 3:00,25.9
20/09/2019 3:05,25.9
20/09/2019 3:10,25.86
20/09/2019 3:15,25.83
20/09/2019 3:20,25.73
20/09/2019 3:25,25.73
20/09/2019 3:30,25.76
20/09/2019 3:35,25.73
20/09/2019 3:40,25.86
20/09/2019 3:45,25.8
20/09/2019 3:50,25.76
20/09/2019 3:55,25.8
20/09/2019 4:00,25.73
20/09/2019 4:05,26.1
20/09/2019 4:10,25.63
20/09/2019 4:15,25.57
20/09/2019 4:20,25.53
20/09/2019 4:25,25.5
20/09/2019 4:30,25.43
20/09/2019 4:35,25.4
20/09/2019 4:40,25.36
20/09/2019 4:45,25.43
20/09/2019 4:50,25.46
20/09/2019 4:55,25.37
20/09/2019 5:00,25.3
20/09/2019 5:05,25.4
20/09/2019 5:10,25.3
20/09/2019 5:15,25.2
20/09/2019 5:20,25.17
20/09/2019 5:25,25.1
20/09/2019 5:30,25.13
20/09/2019 5:35,25.16
20/09/2019 5:40,25.17
20/09/2019 5:45,25.23
20/09/2019 5:50,25.23
20/09/2019 5:55,25.16
20/09/2019 6:00,25.2
20/09/2019 6:05,25.4
20/09/2019 6:10,25.5
20/09/2019 6:15,25.63
20/09/2019 6:20,25.7
20/09/2019 6:25,25.83
20/09/2019 6:30,25.9
20/09/2019 6:35,26.16
20/09/2019 6:40,26.1
20/09/2019 6:45,26.3
20/09/2019 6:50,26.23
20/09/2019 6:55,26.33
20/09/2019 7:00,26.37
20/09/2019 7:05,26.43
20/09/2019 7:10,26.5
20/09/2019 7:15,26.5
20/09/2019 7:20,26.47
20/09/2019 7:25,26.53
20/09/2019 7:30,26.57
20/09/2019 7:35,26.6
20/09/2019 7:40,26.56
20/09/2019 7:45,26.7
20/09/2019 7:50,26.77
20/09/2019 7:55,26.7
20/09/2019 8:00,27.07
20/09/2019 8:05,27.5
20/09/2019 8:10,27.33
20/09/2019 8:15,27.37
20/09/2019 8:20,27.16
20/09/2019 8:25,27.3
20/09/2019 8:30,27.2
20/09/2019 8:35,27.37
20/09/2019 8:40,27.3
20/09/2019 8:45,27.43
20/09/2019 8:50,27.46
20/09/2019 8:55,27.36
20/09/2019 9:00,27.7
20/09/2019 9:05,27.63
20/09/2019 9:10,27.63
20/09/2019 9:15,27.47
20/09/2019 9:20,27.23
20/09/2019 9:25,27.2
20/09/2019 9:30,27.2
20/09/2019 9:35,27.5
20/09/2019 9:40,27.77
20/09/2019 9:45,27.73
20/09/2019 9:50,27.83
20/09/2019 9:55,27.93
20/09/2019 10:00,27.83
20/09/2019 10:05,27.5
20/09/2019 10:10,27.6
20/09/2019 10:15,27.76
20/09/2019 10:20,27.67
20/09/2019 10:25,27.7
20/09/2019 10:30,27.73
20/09/2019 10:35,27.76
20/09/2019 10:45,27.86
20/09/2019 10:50,28.17
20/09/2019 10:55,28.53
20/09/2019 11:00,29.1
20/09/2019 11:05,29.13
20/09/2019 11:10,28.93
20/09/2019 11:15,28.9
20/09/2019 11:20,29.33
20/09/2019 11:25,28.86
20/09/2019 11:30,28.87
20/09/2019 11:35,28.36
20/09/2019 11:40,28.23
20/09/2019 11:45,28.1
20/09/2019 11:50,28.23
20/09/2019 11:55,28.8
20/09/2019 12:00,28.8
20/09/2019 12:05,28.47
20/09/2019 12:10,28.63
20/09/2019 12:15,28.67
20/09/2019 12:20,28.43
20/09/2019 12:25,28.93
20/09/2019 12:30,29.13
20/09/2019 12:35,29.47
20/09/2019 12:40,28.86
20/09/2019 12:45,28.3
20/09/2019 12:50,27.86
20/09/2019 12:55,28.23
20/09/2019 13:00,28.63
20/09/2019 13:05,28.83
20/09/2019 13:10,28.53
20/09/2019 13:15,28.53
20/09/2019 13:20,28.33
20/09/2019 13:25,28.66
20/09/2019 13:30,28.47
20/09/2019 13:35,28.16
20/09/2019 13:40,28.43
20/09/2019 13:45,28.66
20/09/2019 13:50,28.47
20/09/2019 13:55,28.23
20/09/2019 14:00,28.17
20/09/2019 14:05,28.46
20/09/2019 14:10,28.17
20/09/2019 14:15,28.1
20/09/2019 14:20,27.9
20/09/2019 14:25,27.9
20/09/2019 14:30,28.03
20/09/2019 14:35,28.03
20/09/2019 14:40,27.76
20/09/2019 14:45,27.87
20/09/2019 14:50,28.13
20/09/2019 14:55,27.83
20/09/2019 15:00,27.9
20/09/2019 15:05,27.9
20/09/2019 15:10,28.26
20/09/2019 15:15,27.97
20/09/2019 15:20,28.03
20/09/2019 15:25,27.8
20/09/2019 15:30,27.46
20/09/2019 15:35,27.8
20/09/2019 15:40,27.5
20/09/2019 15:45,27.57
20/09/2019 15:50,27.33
20/09/2019 15:55,27.33
20/09/2019 16:00,27.33
20/09/2019 16:05,27.27
20/09/2019 16:10,27.5
20/09/2019 16:15,27.43
20/09/2019 16:20,27.36
20/09/2019 16:25,27.17
20/09/2019 16:30,27.16
20/09/2019 16:35,27.13
20/09/2019 16:40,27.26
20/09/2019 16:45,27.3
20/09/2019 16:50,27.06
20/09/2019 16:55,27.1
20/09/2019 17:00,26.86
20/09/2019 17:05,26.9
20/09/2019 17:10,26.9
20/09/2019 17:15,26.83
20/09/2019 17:20,26.9
20/09/2019 17:25,26.83
20/09/2019 17:30,26.87
20/09/2019 17:35,26.83
20/09/2019 17:40,26.8
20/09/2019 17:45,26.8
20/09/2019 17:50,26.76
20/09/2019 17:55,26.73
20/09/2019 18:00,26.7
20/09/2019 18:05,26.73
20/09/2019 18:10,26.73
20/09/2019 18:15,26.73
20/09/2019 18:20,26.7
20/09/2019 18:25,26.73
20/09/2019 18:30,26.7
20/09/2019 18:35,26.7
20/09/2019 18:40,26.73
20/09/2019 18:45,26.73
20/09/2019 18:50,26.73
20/09/2019 18:55,26.67
20/09/2019 19:00,26.67
20/09/2019 19:05,26.73
20/09/2019 19:10,26.7
20/09/2019 19:15,26.67
20/09/2019 19:20,26.63
20/09/2019 19:25,26.63
20/09/2019 19:30,26.63
20/09/2019 19:35,26.63
20/09/2019 19:40,26.8
20/09/2019 19:45,26.73
20/09/2019 19:50,26.7
20/09/2019 19:55,26.73
20/09/2019 20:00,26.86
20/09/2019 20:05,26.83
20/09/2019 20:10,26.8
20/09/2019 20:15,26.83
20/09/2019 20:20,26.76
20/09/2019 20:25,26.83
20/09/2019 20:30,26.76
20/09/2019 20:35,26.8
20/09/2019 20:40,26.77
20/09/2019 20:45,26.76
20/09/2019 20:50,26.73
20/09/2019 20:55,26.77
20/09/2019 21:00,26.76
20/09/2019 21:05,26.76
20/09/2019 21:10,26.77
20/09/2019 21:15,26.76
20/09/2019 21:20,26.77
20/09/2019 21:25,26.8
20/09/2019 21:30,26.86
20/09/2019 21:35,26.8
20/09/2019 21:40,26.8
20/09/2019 21:45,26.73
20/09/2019 21:50,26.8
20/09/2019 21:55,26.83
20/09/2019 22:00,26.8
20/09/2019 22:05,26.7
20/09/2019 22:10,26.7
20/09/2019 22:15,26.66
20/09/2019 22:20,26.63
20/09/2019 22:25,26.63
20/09/2019 22:30,26.63
20/09/2019 22:35,26.67
20/09/2019 22:40,26.63
20/09/2019 22:45,26.7
20/09/2019 22:50,26.7
20/09/2019 22:55,26.73
20/09/2019 23:00,26.76
20/09/2019 23:05,26.7
20/09/2019 23:10,26.73
20/09/2019 23:15,26.8
20/09/2019 23:20,26.77
20/09/2019 23:25,26.73
20/09/2019 23:30,26.73
20/09/2019 23:35,26.73
20/09/2019 23:40,26.7
20/09/2019 23:45,26.7
20/09/2019 23:50,26.7
20/09/2019 23:55,26.6
21/09/2019 0:00,26.57
21/09/2019 0:05,26.56
21/09/2019 0:10,26.56
21/09/2019 0:15,26.53
21/09/2019 0:20,26.5
21/09/2019 0:25,26.53
21/09/2019 0:30,26.5
21/09/2019 0:35,26.5
21/09/2019 0:40,26.46
21/09/2019 0:45,26.57
21/09/2019 0:50,26.6
21/09/2019 0:55,26.6
21/09/2019 1:00,26.57
21/09/2019 1:05,26.56
21/09/2019 1:10,26.6
21/09/2019 1:15,26.73
21/09/2019 1:20,26.56
21/09/2019 1:25,26.56
21/09/2019 1:30,26.57
21/09/2019 1:35,26.6
21/09/2019 1:40,26.56
21/09/2019 1:45,26.57
21/09/2019 1:50,26.6
21/09/2019 1:55,26.56
21/09/2019 2:00,26.53
21/09/2019 2:05,26.53
21/09/2019 2:10,26.56
21/09/2019 2:15,26.5
21/09/2019 2:20,26.5
21/09/2019 2:25,26.53
21/09/2019 2:30,26.57
21/09/2019 2:35,26.56
21/09/2019 2:40,26.6
21/09/2019 2:45,26.6
21/09/2019 2:50,26.6
21/09/2019 2:55,26.77
21/09/2019 3:00,26.6
21/09/2019 3:05,26.66
21/09/2019 3:10,26.63
21/09/2019 3:15,26.6
21/09/2019 3:20,26.53
21/09/2019 3:25,26.47
21/09/2019 3:30,26.47
21/09/2019 3:35,26.46
21/09/2019 3:40,26.47
21/09/2019 3:45,26.43
21/09/2019 3:50,26.43
21/09/2019 3:55,26.4
21/09/2019 4:00,26.37
21/09/2019 4:05,26.46
21/09/2019 4:10,26.4
21/09/2019 4:15,26.47
21/09/2019 4:20,26.4
21/09/2019 4:25,26.43
21/09/2019 4:30,26.33
21/09/2019 4:35,26.4
21/09/2019 4:40,26.36
21/09/2019 4:45,26.3
21/09/2019 4:50,26.23
21/09/2019 4:55,26.2
21/09/2019 5:00,26.2
21/09/2019 5:05,26.2
21/09/2019 5:10,26.16
21/09/2019 5:15,26.2
21/09/2019 5:20,26.23
21/09/2019 5:25,26.2
21/09/2019 5:30,26.16
21/09/2019 5:35,26.23
21/09/2019 5:40,26.2
21/09/2019 5:45,26.2
21/09/2019 5:50,26.2
21/09/2019 5:55,26.16
21/09/2019 6:00,26.13
21/09/2019 6:05,26.2
21/09/2019 6:10,26.17
21/09/2019 6:15,26.16
21/09/2019 6:20,26.13
21/09/2019 6:25,26.13
21/09/2019 6:30,26.16
21/09/2019 6:35,26.16
21/09/2019 6:40,26.2
21/09/2019 6:45,26.26
21/09/2019 6:50,26.23
21/09/2019 6:55,26.27
21/09/2019 7:00,26.37
21/09/2019 7:05,26.43
21/09/2019 7:10,26.4
21/09/2019 7:15,26.43
21/09/2019 7:20,26.43
21/09/2019 7:25,26.4
21/09/2019 7:30,26.53
21/09/2019 7:35,26.63
21/09/2019 7:40,26.67
21/09/2019 7:45,26.63
21/09/2019 7:50,26.66
21/09/2019 7:55,26.7
21/09/2019 8:00,26.8
21/09/2019 8:05,26.8
21/09/2019 8:10,26.77
21/09/2019 8:15,26.9
21/09/2019 8:20,26.93
21/09/2019 8:25,26.97
21/09/2019 8:30,27.06
21/09/2019 8:35,27
21/09/2019 8:40,27.16
21/09/2019 8:45,27.23
21/09/2019 8:50,27.26
21/09/2019 8:55,27.3
21/09/2019 9:00,27.17
21/09/2019 9:05,27.1
21/09/2019 9:10,27.3
21/09/2019 9:15,27.3
21/09/2019 9:20,27.33
21/09/2019 9:25,27.2
21/09/2019 9:30,27.2
21/09/2019 9:35,27.3
21/09/2019 9:40,27.63
21/09/2019 9:45,27.9
21/09/2019 9:50,28.1
21/09/2019 9:55,28.23
21/09/2019 10:00,28.06
21/09/2019 10:05,27.93
21/09/2019 10:10,27.7
21/09/2019 10:15,27.73
21/09/2019 10:20,27.63
21/09/2019 10:25,27.77
21/09/2019 10:30,27.9
21/09/2019 10:35,27.97
21/09/2019 10:40,27.86
21/09/2019 10:45,28
21/09/2019 10:50,28.03
21/09/2019 10:55,28.17
21/09/2019 11:00,28.33
21/09/2019 11:05,28.1
21/09/2019 11:10,28.26
21/09/2019 11:15,28.33
21/09/2019 11:20,28.26
21/09/2019 11:25,28.1
21/09/2019 11:30,28.33
21/09/2019 11:35,28.1
21/09/2019 11:40,27.96
21/09/2019 11:45,28.27
21/09/2019 11:50,28.6
21/09/2019 11:55,28.77
21/09/2019 12:00,28.56
21/09/2019 12:05,29.07
21/09/2019 12:10,29.03
21/09/2019 12:15,29.27
21/09/2019 12:20,29.47
21/09/2019 12:25,29.33
21/09/2019 12:30,29.17
21/09/2019 12:35,28.9
21/09/2019 12:40,29.17
21/09/2019 12:45,29.46
21/09/2019 12:50,29.43
21/09/2019 12:55,29.56
21/09/2019 13:00,29.6
21/09/2019 13:05,29.23
21/09/2019 13:10,29.1
21/09/2019 13:15,29.2
21/09/2019 13:20,28.93
21/09/2019 13:25,28.83
21/09/2019 13:30,28.83
21/09/2019 13:35,28.47
21/09/2019 13:40,28.66
21/09/2019 13:45,28.83
21/09/2019 13:50,29.1
21/09/2019 13:55,28.87
21/09/2019 14:00,28.93
21/09/2019 14:05,28.7
21/09/2019 14:10,28.6
21/09/2019 14:15,28.87
21/09/2019 14:20,28.7
21/09/2019 14:25,28.83
21/09/2019 14:30,28.7
21/09/2019 14:35,28.8
21/09/2019 14:40,28.9
21/09/2019 14:45,28.83
21/09/2019 14:50,28.73
21/09/2019 14:55,28.86
21/09/2019 15:00,28.63
21/09/2019 15:05,28.43
21/09/2019 15:10,28.5
21/09/2019 15:15,28.6
21/09/2019 15:20,28.57
21/09/2019 15:25,28.43
21/09/2019 15:30,28.43
21/09/2019 15:35,28.36
21/09/2019 15:40,28.63
21/09/2019 15:45,28.7
21/09/2019 15:50,28.67
21/09/2019 15:55,28.7
21/09/2019 16:00,28.73
21/09/2019 16:05,28.6
21/09/2019 16:10,28.5
21/09/2019 16:15,28.53
21/09/2019 16:20,28.57
21/09/2019 16:25,28.43
21/09/2019 16:30,28.43
21/09/2019 16:35,28.36
21/09/2019 16:40,28.4
21/09/2019 16:45,28.3
21/09/2019 16:50,28.17
21/09/2019 16:55,28.13
21/09/2019 17:00,28.1
21/09/2019 17:05,28.03
21/09/2019 17:10,28.03
21/09/2019 17:15,27.93
21/09/2019 17:20,27.93
21/09/2019 17:25,27.93
21/09/2019 17:30,27.9
21/09/2019 17:35,27.87
21/09/2019 17:40,27.86
21/09/2019 17:45,27.83
21/09/2019 17:50,27.87
21/09/2019 17:55,27.86
21/09/2019 18:00,27.83
21/09/2019 18:05,27.8
21/09/2019 18:10,27.83
21/09/2019 18:15,27.93
21/09/2019 18:20,27.9
21/09/2019 18:25,27.9
21/09/2019 18:30,27.8
21/09/2019 18:35,27.77
21/09/2019 18:40,27.7
21/09/2019 18:45,27.73
21/09/2019 18:50,27.9
21/09/2019 18:55,28.46
21/09/2019 19:00,28.56
21/09/2019 19:05,28.53
21/09/2019 19:10,28.66
21/09/2019 19:15,28.67
21/09/2019 19:20,28.76
21/09/2019 19:25,28.87
21/09/2019 19:30,28.7
21/09/2019 19:35,28.53
21/09/2019 19:40,28.43
21/09/2019 19:45,28.3
21/09/2019 19:50,28.07
21/09/2019 19:55,27.86
21/09/2019 20:00,27.6
21/09/2019 20:05,27.5
21/09/2019 20:10,27.33
21/09/2019 20:15,27.33
21/09/2019 20:20,27.4
21/09/2019 20:25,27.56
21/09/2019 20:30,27.57
21/09/2019 20:35,27.66
21/09/2019 20:40,27.83
21/09/2019 20:45,27.93
21/09/2019 20:50,27.86
21/09/2019 20:55,27.83
21/09/2019 21:00,27.76
21/09/2019 21:05,27.7
21/09/2019 21:10,27.93
21/09/2019 21:15,27.8
21/09/2019 21:20,27.67
21/09/2019 21:25,27.63
21/09/2019 21:30,27.83
21/09/2019 21:35,27.9
21/09/2019 21:40,27.86
21/09/2019 21:45,27.8
21/09/2019 21:50,27.86
21/09/2019 21:55,27.96
21/09/2019 22:00,27.97
21/09/2019 22:05,28.1
21/09/2019 22:10,28.23
21/09/2019 22:15,28.27
21/09/2019 22:20,28.26
21/09/2019 22:25,28.33
21/09/2019 22:30,28.33
21/09/2019 22:35,28.23
21/09/2019 22:40,28.2
21/09/2019 22:45,28.1
21/09/2019 22:50,28.07
21/09/2019 22:55,28.16
21/09/2019 23:00,28.13
21/09/2019 23:05,28.1
21/09/2019 23:10,28.06
21/09/2019 23:15,27.97
21/09/2019 23:20,27.9
21/09/2019 23:25,27.86
21/09/2019 23:30,27.9
21/09/2019 23:35,27.96
21/09/2019 23:40,27.87
21/09/2019 23:45,27.83
21/09/2019 23:50,27.76
21/09/2019 23:55,27.7
